id,embedding_dim,first_value,second_value,third_value
A100,768,-0.008872403763234615,0.0027822970878332853,-0.03641512244939804
A200,768,-0.022084049880504608,-0.019640283659100533,-0.046720609068870544
A300,768,-0.0019090628484264016,-0.007393599487841129,-0.012398741208016872
B100,768,0.011575832031667233,-0.010526361875236034,-0.018283743411302567
B200,768,0.007794931530952454,-0.004410849418491125,-0.031082291156053543
